grib_id,hrap_x,hrap_y
157457,517,141
157458,518,141
157459,519,141
157460,520,141
157461,521,141
157462,522,141
157463,523,141
157464,524,141
157465,525,141
157466,526,141
157467,527,141
157468,528,141
158577,516,142
158578,517,142
158579,518,142
158580,519,142
158581,520,142
158582,521,142
158583,522,142
158584,523,142
158585,524,142
158586,525,142
158587,526,142
158588,527,142
158589,528,142
158590,529,142
158591,530,142
158592,531,142
158593,532,142
158594,533,142
158595,534,142
158596,535,142
158597,536,142
158598,537,142
158599,538,142
158600,539,142
159698,516,143
159699,517,143
159700,518,143
159701,519,143
159702,520,143
159703,521,143
159704,522,143
159705,523,143
159706,524,143
159707,525,143
159708,526,143
159709,527,143
159710,528,143
159711,529,143
159712,530,143
159713,531,143
159714,532,143
159715,533,143
159716,534,143
159717,535,143
159718,536,143
159719,537,143
159720,538,143
159721,539,143
159722,540,143
159723,541,143
159724,542,143
159725,543,143
159726,544,143
159727,545,143
159728,546,143
159729,547,143
159730,548,143
159731,549,143
160819,516,144
160820,517,144
160821,518,144
160822,519,144
160823,520,144
160824,521,144
160825,522,144
160826,523,144
160827,524,144
160828,525,144
160829,526,144
160830,527,144
160831,528,144
160832,529,144
160833,530,144
160834,531,144
160835,532,144
160836,533,144
160837,534,144
160838,535,144
160839,536,144
160840,537,144
160841,538,144
160842,539,144
160843,540,144
160844,541,144
160845,542,144
160846,543,144
160847,544,144
160848,545,144
160849,546,144
160850,547,144
160851,548,144
160852,549,144
160853,550,144
160854,551,144
160855,552,144
160856,553,144
160857,554,144
160858,555,144
160859,556,144
160860,557,144
160861,558,144
160862,559,144
161940,516,145
161941,517,145
161942,518,145
161943,519,145
161944,520,145
161945,521,145
161946,522,145
161947,523,145
161948,524,145
161949,525,145
161950,526,145
161951,527,145
161952,528,145
161953,529,145
161954,530,145
161955,531,145
161956,532,145
161957,533,145
161958,534,145
161959,535,145
161960,536,145
161961,537,145
161962,538,145
161963,539,145
161964,540,145
161965,541,145
161966,542,145
161967,543,145
161968,544,145
161969,545,145
161970,546,145
161971,547,145
161972,548,145
161973,549,145
161974,550,145
161975,551,145
161976,552,145
161977,553,145
161978,554,145
161979,555,145
161980,556,145
161981,557,145
161982,558,145
161983,559,145
161984,560,145
161985,561,145
161986,562,145
161987,563,145
163061,516,146
163062,517,146
163063,518,146
163064,519,146
163065,520,146
163066,521,146
163067,522,146
163068,523,146
163069,524,146
163070,525,146
163071,526,146
163072,527,146
163073,528,146
163074,529,146
163075,530,146
163076,531,146
163077,532,146
163078,533,146
163079,534,146
163080,535,146
163081,536,146
163082,537,146
163083,538,146
163084,539,146
163085,540,146
163086,541,146
163087,542,146
163088,543,146
163089,544,146
163090,545,146
163091,546,146
163092,547,146
163093,548,146
163094,549,146
163095,550,146
163096,551,146
163097,552,146
163098,553,146
163099,554,146
163100,555,146
163101,556,146
163102,557,146
163103,558,146
163104,559,146
163105,560,146
163106,561,146
163107,562,146
163108,563,146
163109,564,146
164182,516,147
164183,517,147
164184,518,147
164185,519,147
164186,520,147
164187,521,147
164188,522,147
164189,523,147
164190,524,147
164191,525,147
164192,526,147
164193,527,147
164194,528,147
164195,529,147
164196,530,147
164197,531,147
164198,532,147
164199,533,147
164200,534,147
164201,535,147
164202,536,147
164203,537,147
164204,538,147
164205,539,147
164206,540,147
164207,541,147
164208,542,147
164209,543,147
164210,544,147
164211,545,147
164212,546,147
164213,547,147
164214,548,147
164215,549,147
164216,550,147
164217,551,147
164218,552,147
164219,553,147
164220,554,147
164221,555,147
164222,556,147
164223,557,147
164224,558,147
164225,559,147
164226,560,147
164227,561,147
164228,562,147
164229,563,147
164230,564,147
164231,565,147
164232,566,147
165303,516,148
165304,517,148
165305,518,148
165306,519,148
165307,520,148
165308,521,148
165309,522,148
165310,523,148
165311,524,148
165312,525,148
165313,526,148
165314,527,148
165315,528,148
165316,529,148
165317,530,148
165318,531,148
165319,532,148
165320,533,148
165321,534,148
165322,535,148
165323,536,148
165324,537,148
165325,538,148
165326,539,148
165327,540,148
165328,541,148
165329,542,148
165330,543,148
165331,544,148
165332,545,148
165333,546,148
165334,547,148
165335,548,148
165336,549,148
165337,550,148
165338,551,148
165339,552,148
165340,553,148
165341,554,148
165342,555,148
165343,556,148
165344,557,148
165345,558,148
165346,559,148
165347,560,148
165348,561,148
165349,562,148
165350,563,148
165351,564,148
165352,565,148
165353,566,148
165354,567,148
166424,516,149
166425,517,149
166426,518,149
166427,519,149
166428,520,149
166429,521,149
166430,522,149
166431,523,149
166432,524,149
166433,525,149
166434,526,149
166435,527,149
166436,528,149
166437,529,149
166438,530,149
166439,531,149
166440,532,149
166441,533,149
166442,534,149
166443,535,149
166444,536,149
166445,537,149
166446,538,149
166447,539,149
166448,540,149
166449,541,149
166450,542,149
166451,543,149
166452,544,149
166453,545,149
166454,546,149
166455,547,149
166456,548,149
166457,549,149
166458,550,149
166459,551,149
166460,552,149
166461,553,149
166462,554,149
166463,555,149
166464,556,149
166465,557,149
166466,558,149
166467,559,149
166468,560,149
166469,561,149
166470,562,149
166471,563,149
166472,564,149
166473,565,149
166474,566,149
166475,567,149
166476,568,149
167545,516,150
167546,517,150
167547,518,150
167548,519,150
167549,520,150
167550,521,150
167551,522,150
167552,523,150
167553,524,150
167554,525,150
167555,526,150
167556,527,150
167557,528,150
167558,529,150
167559,530,150
167560,531,150
167561,532,150
167562,533,150
167563,534,150
167564,535,150
167565,536,150
167566,537,150
167567,538,150
167568,539,150
167569,540,150
167570,541,150
167571,542,150
167572,543,150
167573,544,150
167574,545,150
167575,546,150
167576,547,150
167577,548,150
167578,549,150
167579,550,150
167580,551,150
167581,552,150
167582,553,150
167583,554,150
167584,555,150
167585,556,150
167586,557,150
167587,558,150
167588,559,150
167589,560,150
167590,561,150
167591,562,150
167592,563,150
167593,564,150
167594,565,150
167595,566,150
167596,567,150
167597,568,150
167598,569,150
168665,515,151
168666,516,151
168667,517,151
168668,518,151
168669,519,151
168670,520,151
168671,521,151
168672,522,151
168673,523,151
168674,524,151
168675,525,151
168676,526,151
168677,527,151
168678,528,151
168679,529,151
168680,530,151
168681,531,151
168682,532,151
168683,533,151
168684,534,151
168685,535,151
168686,536,151
168687,537,151
168688,538,151
168689,539,151
168690,540,151
168691,541,151
168692,542,151
168693,543,151
168694,544,151
168695,545,151
168696,546,151
168697,547,151
168698,548,151
168699,549,151
168700,550,151
168701,551,151
168702,552,151
168703,553,151
168704,554,151
168705,555,151
168706,556,151
168707,557,151
168708,558,151
168709,559,151
168710,560,151
168711,561,151
168712,562,151
168713,563,151
168714,564,151
168715,565,151
168716,566,151
168717,567,151
168718,568,151
168719,569,151
168720,570,151
169786,515,152
169787,516,152
169788,517,152
169789,518,152
169790,519,152
169791,520,152
169792,521,152
169793,522,152
169794,523,152
169795,524,152
169796,525,152
169797,526,152
169798,527,152
169799,528,152
169800,529,152
169801,530,152
169802,531,152
169803,532,152
169804,533,152
169805,534,152
169806,535,152
169807,536,152
169808,537,152
169809,538,152
169810,539,152
169811,540,152
169812,541,152
169813,542,152
169814,543,152
169815,544,152
169816,545,152
169817,546,152
169818,547,152
169819,548,152
169820,549,152
169821,550,152
169822,551,152
169823,552,152
169824,553,152
169825,554,152
169826,555,152
169827,556,152
169828,557,152
169829,558,152
169830,559,152
169831,560,152
169832,561,152
169833,562,152
169834,563,152
169835,564,152
169836,565,152
169837,566,152
169838,567,152
169839,568,152
169840,569,152
169841,570,152
169842,571,152
170907,515,153
170908,516,153
170909,517,153
170910,518,153
170911,519,153
170912,520,153
170913,521,153
170914,522,153
170915,523,153
170916,524,153
170917,525,153
170918,526,153
170919,527,153
170920,528,153
170921,529,153
170922,530,153
170923,531,153
170924,532,153
170925,533,153
170926,534,153
170927,535,153
170928,536,153
170929,537,153
170930,538,153
170931,539,153
170932,540,153
170933,541,153
170934,542,153
170935,543,153
170936,544,153
170937,545,153
170938,546,153
170939,547,153
170940,548,153
170941,549,153
170942,550,153
170943,551,153
170944,552,153
170945,553,153
170946,554,153
170947,555,153
170948,556,153
170949,557,153
170950,558,153
170951,559,153
170952,560,153
170953,561,153
170954,562,153
170955,563,153
170956,564,153
170957,565,153
170958,566,153
170959,567,153
170960,568,153
170961,569,153
170962,570,153
170963,571,153
172028,515,154
172029,516,154
172030,517,154
172031,518,154
172032,519,154
172033,520,154
172034,521,154
172035,522,154
172036,523,154
172037,524,154
172038,525,154
172039,526,154
172040,527,154
172041,528,154
172042,529,154
172043,530,154
172044,531,154
172045,532,154
172046,533,154
172047,534,154
172048,535,154
172049,536,154
172050,537,154
172051,538,154
172052,539,154
172053,540,154
172054,541,154
172055,542,154
172056,543,154
172057,544,154
172058,545,154
172059,546,154
172060,547,154
172061,548,154
172062,549,154
172063,550,154
172064,551,154
172065,552,154
172066,553,154
172067,554,154
172068,555,154
172069,556,154
172070,557,154
172071,558,154
172072,559,154
172073,560,154
172074,561,154
172075,562,154
172076,563,154
172077,564,154
172078,565,154
172079,566,154
172080,567,154
172081,568,154
172082,569,154
172083,570,154
172084,571,154
172085,572,154
173149,515,155
173150,516,155
173151,517,155
173152,518,155
173153,519,155
173154,520,155
173155,521,155
173156,522,155
173157,523,155
173158,524,155
173159,525,155
173160,526,155
173161,527,155
173162,528,155
173163,529,155
173164,530,155
173165,531,155
173166,532,155
173167,533,155
173168,534,155
173169,535,155
173170,536,155
173171,537,155
173172,538,155
173173,539,155
173174,540,155
173175,541,155
173176,542,155
173177,543,155
173178,544,155
173179,545,155
173180,546,155
173181,547,155
173182,548,155
173183,549,155
173184,550,155
173185,551,155
173186,552,155
173187,553,155
173188,554,155
173189,555,155
173190,556,155
173191,557,155
173192,558,155
173193,559,155
173194,560,155
173195,561,155
173196,562,155
173197,563,155
173198,564,155
173199,565,155
173200,566,155
173201,567,155
173202,568,155
173203,569,155
173204,570,155
173205,571,155
173206,572,155
174270,515,156
174271,516,156
174272,517,156
174273,518,156
174274,519,156
174275,520,156
174276,521,156
174277,522,156
174278,523,156
174279,524,156
174280,525,156
174281,526,156
174282,527,156
174283,528,156
174284,529,156
174285,530,156
174286,531,156
174287,532,156
174288,533,156
174289,534,156
174290,535,156
174291,536,156
174292,537,156
174293,538,156
174294,539,156
174295,540,156
174296,541,156
174297,542,156
174298,543,156
174299,544,156
174300,545,156
174301,546,156
174302,547,156
174303,548,156
174304,549,156
174305,550,156
174306,551,156
174307,552,156
174308,553,156
174309,554,156
174310,555,156
174311,556,156
174312,557,156
174313,558,156
174314,559,156
174315,560,156
174316,561,156
174317,562,156
174318,563,156
174319,564,156
174320,565,156
174321,566,156
174322,567,156
174323,568,156
174324,569,156
174325,570,156
174326,571,156
174327,572,156
174328,573,156
175391,515,157
175392,516,157
175393,517,157
175394,518,157
175395,519,157
175396,520,157
175397,521,157
175398,522,157
175399,523,157
175400,524,157
175401,525,157
175402,526,157
175403,527,157
175404,528,157
175405,529,157
175406,530,157
175407,531,157
175408,532,157
175409,533,157
175410,534,157
175411,535,157
175412,536,157
175413,537,157
175414,538,157
175415,539,157
175416,540,157
175417,541,157
175418,542,157
175419,543,157
175420,544,157
175421,545,157
175422,546,157
175423,547,157
175424,548,157
175425,549,157
175426,550,157
175427,551,157
175428,552,157
175429,553,157
175430,554,157
175431,555,157
175432,556,157
175433,557,157
175434,558,157
175435,559,157
175436,560,157
175437,561,157
175438,562,157
175439,563,157
175440,564,157
175441,565,157
175442,566,157
175443,567,157
175444,568,157
175445,569,157
175446,570,157
175447,571,157
175448,572,157
175449,573,157
176512,515,158
176513,516,158
176514,517,158
176515,518,158
176516,519,158
176517,520,158
176518,521,158
176519,522,158
176520,523,158
176521,524,158
176522,525,158
176523,526,158
176524,527,158
176525,528,158
176526,529,158
176527,530,158
176528,531,158
176529,532,158
176530,533,158
176531,534,158
176532,535,158
176533,536,158
176534,537,158
176535,538,158
176536,539,158
176537,540,158
176538,541,158
176539,542,158
176540,543,158
176541,544,158
176542,545,158
176543,546,158
176544,547,158
176545,548,158
176546,549,158
176547,550,158
176548,551,158
176549,552,158
176550,553,158
176551,554,158
176552,555,158
176553,556,158
176554,557,158
176555,558,158
176556,559,158
176557,560,158
176558,561,158
176559,562,158
176560,563,158
176561,564,158
176562,565,158
176563,566,158
176564,567,158
176565,568,158
176566,569,158
176567,570,158
176568,571,158
176569,572,158
176570,573,158
176571,574,158
177633,515,159
177634,516,159
177635,517,159
177636,518,159
177637,519,159
177638,520,159
177639,521,159
177640,522,159
177641,523,159
177642,524,159
177643,525,159
177644,526,159
177645,527,159
177646,528,159
177647,529,159
177648,530,159
177649,531,159
177650,532,159
177651,533,159
177652,534,159
177653,535,159
177654,536,159
177655,537,159
177656,538,159
177657,539,159
177658,540,159
177659,541,159
177660,542,159
177661,543,159
177662,544,159
177663,545,159
177664,546,159
177665,547,159
177666,548,159
177667,549,159
177668,550,159
177669,551,159
177670,552,159
177671,553,159
177672,554,159
177673,555,159
177674,556,159
177675,557,159
177676,558,159
177677,559,159
177678,560,159
177679,561,159
177680,562,159
177681,563,159
177682,564,159
177683,565,159
177684,566,159
177685,567,159
177686,568,159
177687,569,159
177688,570,159
177689,571,159
177690,572,159
177691,573,159
177692,574,159
177693,575,159
178754,515,160
178755,516,160
178756,517,160
178757,518,160
178758,519,160
178759,520,160
178760,521,160
178761,522,160
178762,523,160
178763,524,160
178764,525,160
178765,526,160
178766,527,160
178767,528,160
178768,529,160
178769,530,160
178770,531,160
178771,532,160
178772,533,160
178773,534,160
178774,535,160
178775,536,160
178776,537,160
178777,538,160
178778,539,160
178779,540,160
178780,541,160
178781,542,160
178782,543,160
178783,544,160
178784,545,160
178785,546,160
178786,547,160
178787,548,160
178788,549,160
178789,550,160
178790,551,160
178791,552,160
178792,553,160
178793,554,160
178794,555,160
178795,556,160
178796,557,160
178797,558,160
178798,559,160
178799,560,160
178800,561,160
178801,562,160
178802,563,160
178803,564,160
178804,565,160
178805,566,160
178806,567,160
178807,568,160
178808,569,160
178809,570,160
178810,571,160
178811,572,160
178812,573,160
178813,574,160
178814,575,160
178815,576,160
179875,515,161
179876,516,161
179877,517,161
179878,518,161
179879,519,161
179880,520,161
179881,521,161
179882,522,161
179883,523,161
179884,524,161
179885,525,161
179886,526,161
179887,527,161
179888,528,161
179889,529,161
179890,530,161
179891,531,161
179892,532,161
179893,533,161
179894,534,161
179895,535,161
179896,536,161
179897,537,161
179898,538,161
179899,539,161
179900,540,161
179901,541,161
179902,542,161
179903,543,161
179904,544,161
179905,545,161
179906,546,161
179907,547,161
179908,548,161
179909,549,161
179910,550,161
179911,551,161
179912,552,161
179913,553,161
179914,554,161
179915,555,161
179916,556,161
179917,557,161
179918,558,161
179919,559,161
179920,560,161
179921,561,161
179922,562,161
179923,563,161
179924,564,161
179925,565,161
179926,566,161
179927,567,161
179928,568,161
179929,569,161
179930,570,161
179931,571,161
179932,572,161
179933,573,161
179934,574,161
179935,575,161
179936,576,161
179937,577,161
180996,515,162
180997,516,162
180998,517,162
180999,518,162
181000,519,162
181001,520,162
181002,521,162
181003,522,162
181004,523,162
181005,524,162
181006,525,162
181007,526,162
181008,527,162
181009,528,162
181010,529,162
181011,530,162
181012,531,162
181013,532,162
181014,533,162
181015,534,162
181016,535,162
181017,536,162
181018,537,162
181019,538,162
181020,539,162
181021,540,162
181022,541,162
181023,542,162
181024,543,162
181025,544,162
181026,545,162
181027,546,162
181028,547,162
181029,548,162
181030,549,162
181031,550,162
181032,551,162
181033,552,162
181034,553,162
181035,554,162
181036,555,162
181037,556,162
181038,557,162
181039,558,162
181040,559,162
181041,560,162
181042,561,162
181043,562,162
181044,563,162
181045,564,162
181046,565,162
181047,566,162
181048,567,162
181049,568,162
181050,569,162
181051,570,162
181052,571,162
181053,572,162
181054,573,162
181055,574,162
181056,575,162
181057,576,162
181058,577,162
182116,514,163
182117,515,163
182118,516,163
182119,517,163
182120,518,163
182121,519,163
182122,520,163
182123,521,163
182124,522,163
182125,523,163
182126,524,163
182127,525,163
182128,526,163
182129,527,163
182130,528,163
182131,529,163
182132,530,163
182133,531,163
182134,532,163
182135,533,163
182136,534,163
182137,535,163
182138,536,163
182139,537,163
182140,538,163
182141,539,163
182142,540,163
182143,541,163
182144,542,163
182145,543,163
182146,544,163
182147,545,163
182148,546,163
182149,547,163
182150,548,163
182151,549,163
182152,550,163
182153,551,163
182154,552,163
182155,553,163
182156,554,163
182157,555,163
182158,556,163
182159,557,163
182160,558,163
182161,559,163
182162,560,163
182163,561,163
182164,562,163
182165,563,163
182166,564,163
182167,565,163
182168,566,163
182169,567,163
182170,568,163
182171,569,163
182172,570,163
182173,571,163
182174,572,163
182175,573,163
182176,574,163
182177,575,163
182178,576,163
182179,577,163
182180,578,163
183237,514,164
183238,515,164
183239,516,164
183240,517,164
183241,518,164
183242,519,164
183243,520,164
183244,521,164
183245,522,164
183246,523,164
183247,524,164
183248,525,164
183249,526,164
183250,527,164
183251,528,164
183252,529,164
183253,530,164
183254,531,164
183255,532,164
183256,533,164
183257,534,164
183258,535,164
183259,536,164
183260,537,164
183261,538,164
183262,539,164
183263,540,164
183264,541,164
183265,542,164
183266,543,164
183267,544,164
183268,545,164
183269,546,164
183270,547,164
183271,548,164
183272,549,164
183273,550,164
183274,551,164
183275,552,164
183276,553,164
183277,554,164
183278,555,164
183279,556,164
183280,557,164
183281,558,164
183282,559,164
183283,560,164
183284,561,164
183285,562,164
183286,563,164
183287,564,164
183288,565,164
183289,566,164
183290,567,164
183291,568,164
183292,569,164
183293,570,164
183294,571,164
183295,572,164
183296,573,164
183297,574,164
183298,575,164
183299,576,164
183300,577,164
183301,578,164
183302,579,164
184358,514,165
184359,515,165
184360,516,165
184361,517,165
184362,518,165
184363,519,165
184364,520,165
184365,521,165
184366,522,165
184367,523,165
184368,524,165
184369,525,165
184370,526,165
184371,527,165
184372,528,165
184373,529,165
184374,530,165
184375,531,165
184376,532,165
184377,533,165
184378,534,165
184379,535,165
184380,536,165
184381,537,165
184382,538,165
184383,539,165
184384,540,165
184385,541,165
184386,542,165
184387,543,165
184388,544,165
184389,545,165
184390,546,165
184391,547,165
184392,548,165
184393,549,165
184394,550,165
184395,551,165
184396,552,165
184397,553,165
184398,554,165
184399,555,165
184400,556,165
184401,557,165
184402,558,165
184403,559,165
184404,560,165
184405,561,165
184406,562,165
184407,563,165
184408,564,165
184409,565,165
184410,566,165
184411,567,165
184412,568,165
184413,569,165
184414,570,165
184415,571,165
184416,572,165
184417,573,165
184418,574,165
184419,575,165
184420,576,165
184421,577,165
184422,578,165
184423,579,165
184424,580,165
185479,514,166
185480,515,166
185481,516,166
185482,517,166
185483,518,166
185484,519,166
185485,520,166
185486,521,166
185487,522,166
185488,523,166
185489,524,166
185490,525,166
185491,526,166
185492,527,166
185493,528,166
185494,529,166
185495,530,166
185496,531,166
185497,532,166
185498,533,166
185499,534,166
185500,535,166
185501,536,166
185502,537,166
185503,538,166
185504,539,166
185505,540,166
185506,541,166
185507,542,166
185508,543,166
185509,544,166
185510,545,166
185511,546,166
185512,547,166
185513,548,166
185514,549,166
185515,550,166
185516,551,166
185517,552,166
185518,553,166
185519,554,166
185520,555,166
185521,556,166
185522,557,166
185523,558,166
185524,559,166
185525,560,166
185526,561,166
185527,562,166
185528,563,166
185529,564,166
185530,565,166
185531,566,166
185532,567,166
185533,568,166
185534,569,166
185535,570,166
185536,571,166
185537,572,166
185538,573,166
185539,574,166
185540,575,166
185541,576,166
185542,577,166
185543,578,166
185544,579,166
185545,580,166
185546,581,166
186600,514,167
186601,515,167
186602,516,167
186603,517,167
186604,518,167
186605,519,167
186606,520,167
186607,521,167
186608,522,167
186609,523,167
186610,524,167
186611,525,167
186612,526,167
186613,527,167
186614,528,167
186615,529,167
186616,530,167
186617,531,167
186618,532,167
186619,533,167
186620,534,167
186621,535,167
186622,536,167
186623,537,167
186624,538,167
186625,539,167
186626,540,167
186627,541,167
186628,542,167
186629,543,167
186630,544,167
186631,545,167
186632,546,167
186633,547,167
186634,548,167
186635,549,167
186636,550,167
186637,551,167
186638,552,167
186639,553,167
186640,554,167
186641,555,167
186642,556,167
186643,557,167
186644,558,167
186645,559,167
186646,560,167
186647,561,167
186648,562,167
186649,563,167
186650,564,167
186651,565,167
186652,566,167
186653,567,167
186654,568,167
186655,569,167
186656,570,167
186657,571,167
186658,572,167
186659,573,167
186660,574,167
186661,575,167
186662,576,167
186663,577,167
186664,578,167
186665,579,167
186666,580,167
186667,581,167
187721,514,168
187722,515,168
187723,516,168
187724,517,168
187725,518,168
187726,519,168
187727,520,168
187728,521,168
187729,522,168
187730,523,168
187731,524,168
187732,525,168
187733,526,168
187734,527,168
187735,528,168
187736,529,168
187737,530,168
187738,531,168
187739,532,168
187740,533,168
187741,534,168
187742,535,168
187743,536,168
187744,537,168
187745,538,168
187746,539,168
187747,540,168
187748,541,168
187749,542,168
187750,543,168
187751,544,168
187752,545,168
187753,546,168
187754,547,168
187755,548,168
187756,549,168
187757,550,168
187758,551,168
187759,552,168
187760,553,168
187761,554,168
187762,555,168
187763,556,168
187764,557,168
187765,558,168
187766,559,168
187767,560,168
187768,561,168
187769,562,168
187770,563,168
187771,564,168
187772,565,168
187773,566,168
187774,567,168
187775,568,168
187776,569,168
187777,570,168
187778,571,168
187779,572,168
187780,573,168
187781,574,168
187782,575,168
187783,576,168
187784,577,168
187785,578,168
187786,579,168
187787,580,168
187788,581,168
188842,514,169
188843,515,169
188844,516,169
188845,517,169
188846,518,169
188849,521,169
188850,522,169
188851,523,169
188852,524,169
188853,525,169
188854,526,169
188855,527,169
188856,528,169
188857,529,169
188860,532,169
188861,533,169
188862,534,169
188863,535,169
188864,536,169
188865,537,169
188866,538,169
188867,539,169
188868,540,169
188869,541,169
188870,542,169
188871,543,169
188872,544,169
188873,545,169
188874,546,169
188875,547,169
188876,548,169
188877,549,169
188878,550,169
188879,551,169
188880,552,169
188881,553,169
188882,554,169
188883,555,169
188884,556,169
188885,557,169
188886,558,169
188887,559,169
188888,560,169
188889,561,169
188890,562,169
188891,563,169
188892,564,169
188893,565,169
188894,566,169
188895,567,169
188896,568,169
188897,569,169
188898,570,169
188899,571,169
188900,572,169
188901,573,169
188902,574,169
188903,575,169
188904,576,169
188905,577,169
188906,578,169
188907,579,169
188908,580,169
188909,581,169
189965,516,170
189981,532,170
189982,533,170
189983,534,170
189984,535,170
189985,536,170
189986,537,170
189987,538,170
189988,539,170
189989,540,170
189990,541,170
189991,542,170
189992,543,170
189993,544,170
189994,545,170
189995,546,170
189996,547,170
189997,548,170
189998,549,170
189999,550,170
190000,551,170
190001,552,170
190002,553,170
190003,554,170
190004,555,170
190005,556,170
190006,557,170
190007,558,170
190008,559,170
190009,560,170
190010,561,170
190011,562,170
190012,563,170
190013,564,170
190014,565,170
190015,566,170
190016,567,170
190017,568,170
190018,569,170
190019,570,170
190020,571,170
190021,572,170
190022,573,170
190023,574,170
190024,575,170
190025,576,170
190026,577,170
190027,578,170
190028,579,170
190029,580,170
190030,581,170
191103,533,171
191104,534,171
191105,535,171
191106,536,171
191107,537,171
191108,538,171
191109,539,171
191110,540,171
191111,541,171
191112,542,171
191113,543,171
191114,544,171
191115,545,171
191116,546,171
191117,547,171
191118,548,171
191119,549,171
191120,550,171
191121,551,171
191122,552,171
191123,553,171
191124,554,171
191125,555,171
191126,556,171
191127,557,171
191128,558,171
191129,559,171
191130,560,171
191131,561,171
191132,562,171
191133,563,171
191134,564,171
191135,565,171
191136,566,171
191137,567,171
191138,568,171
191139,569,171
191140,570,171
191141,571,171
191142,572,171
191143,573,171
191144,574,171
191145,575,171
191146,576,171
191147,577,171
191148,578,171
191149,579,171
191150,580,171
191151,581,171
192229,538,172
192230,539,172
192231,540,172
192232,541,172
192233,542,172
192234,543,172
192235,544,172
192236,545,172
192237,546,172
192238,547,172
192239,548,172
192240,549,172
192241,550,172
192242,551,172
192243,552,172
192244,553,172
192245,554,172
192246,555,172
192247,556,172
192248,557,172
192249,558,172
192250,559,172
192251,560,172
192252,561,172
192253,562,172
192254,563,172
192255,564,172
192256,565,172
192257,566,172
192258,567,172
192259,568,172
192260,569,172
192261,570,172
192262,571,172
192263,572,172
192264,573,172
192265,574,172
192266,575,172
192267,576,172
192268,577,172
192269,578,172
192270,579,172
192271,580,172
192272,581,172
193360,548,173
193361,549,173
193362,550,173
193364,552,173
193365,553,173
193366,554,173
193367,555,173
193368,556,173
193369,557,173
193370,558,173
193371,559,173
193372,560,173
193373,561,173
193374,562,173
193375,563,173
193376,564,173
193377,565,173
193378,566,173
193379,567,173
193380,568,173
193381,569,173
193382,570,173
193383,571,173
193384,572,173
193385,573,173
193386,574,173
193387,575,173
193388,576,173
193389,577,173
193390,578,173
193391,579,173
193392,580,173
193393,581,173
194491,558,174
194492,559,174
194493,560,174
194494,561,174
194495,562,174
194496,563,174
194497,564,174
194498,565,174
194499,566,174
194500,567,174
194501,568,174
194502,569,174
194503,570,174
194504,571,174
194505,572,174
194506,573,174
194507,574,174
194508,575,174
194509,576,174
194510,577,174
194511,578,174
194512,579,174
194513,580,174
194514,581,174
195621,567,175
195622,568,175
195623,569,175
195624,570,175
195625,571,175
195626,572,175
195627,573,175
195628,574,175
195629,575,175
195630,576,175
195631,577,175
195632,578,175
196750,575,176
196751,576,176
196752,577,176
196753,578,176
161939,515,145
163060,515,146
164181,515,147
165302,515,148
166422,514,149
166423,515,149
167543,514,150
167544,515,150
168664,514,151
169784,513,152
169785,514,152
170904,512,153
170905,513,153
170906,514,153
172025,512,154
172026,513,154
172027,514,154
173146,512,155
173147,513,155
173148,514,155
174267,512,156
174268,513,156
174269,514,156
175387,511,157
175388,512,157
175389,513,157
175390,514,157
176507,510,158
176508,511,158
176509,512,158
176510,513,158
176511,514,158
177628,510,159
177629,511,159
177630,512,159
177631,513,159
177632,514,159
178749,510,160
178750,511,160
178751,512,160
178752,513,160
178753,514,160
179870,510,161
179871,511,161
179872,512,161
179873,513,161
179874,514,161
180992,511,162
180993,512,162
180994,513,162
180995,514,162
182113,511,163
182114,512,163
182115,513,163
183235,512,164
183236,513,164
184356,512,165
184357,513,165
185477,512,166
185478,513,166
186599,513,167
187720,513,168
189964,515,170
192226,535,172
192227,536,172
192228,537,172
193349,537,173
193350,538,173
193351,539,173
193352,540,173
193353,541,173
193354,542,173
193355,543,173
193356,544,173
193357,545,173
193358,546,173
193359,547,173
194470,537,174
194471,538,174
194472,539,174
194473,540,174
194474,541,174
194475,542,174
194476,543,174
194477,544,174
194478,545,174
194479,546,174
194480,547,174
194481,548,174
195591,537,175
195592,538,175
195593,539,175
195594,540,175
195595,541,175
195596,542,175
195597,543,175
195598,544,175
195614,560,175
195615,561,175
195616,562,175
195617,563,175
195618,564,175
195619,565,175
195620,566,175
196715,540,176
196716,541,176
196717,542,176
196718,543,176
196738,563,176
196739,564,176
196743,568,176
196744,569,176
196745,570,176
196746,571,176
196747,572,176
196748,573,176
196749,574,176
197865,569,177
197866,570,177
197867,571,177
197868,572,177
197869,573,177
197870,574,177
197871,575,177
197872,576,177
197873,577,177
198988,571,178
198989,572,178
198990,573,178
198991,574,178
198992,575,178
198993,576,178
150758,544,135
150759,545,135
150760,546,135
150761,547,135
151878,543,136
151879,544,136
151880,545,136
151881,546,136
151882,547,136
151883,548,136
152998,542,137
152999,543,137
153000,544,137
153001,545,137
153002,546,137
153003,547,137
153004,548,137
153005,549,137
153006,550,137
154116,539,138
154117,540,138
154118,541,138
154119,542,138
154120,543,138
154121,544,138
154122,545,138
154123,546,138
154124,547,138
154125,548,138
154126,549,138
154127,550,138
155224,526,139
155225,527,139
155226,528,139
155228,530,139
155229,531,139
155230,532,139
155231,533,139
155232,534,139
155233,535,139
155234,536,139
155237,539,139
155238,540,139
155239,541,139
155240,542,139
155241,543,139
155242,544,139
155243,545,139
155244,546,139
155245,547,139
155246,548,139
155247,549,139
155248,550,139
155249,551,139
155250,552,139
155251,553,139
155252,554,139
156342,523,140
156343,524,140
156344,525,140
156345,526,140
156346,527,140
156347,528,140
156348,529,140
156349,530,140
156350,531,140
156351,532,140
156352,533,140
156353,534,140
156354,535,140
156355,536,140
156356,537,140
156358,539,140
156359,540,140
156360,541,140
156361,542,140
156362,543,140
156363,544,140
156364,545,140
156365,546,140
156366,547,140
156367,548,140
156368,549,140
156369,550,140
156370,551,140
156371,552,140
156372,553,140
156373,554,140
156374,555,140
156375,556,140
156376,557,140
157469,529,141
157470,530,141
157471,531,141
157472,532,141
157473,533,141
157474,534,141
157475,535,141
157476,536,141
157477,537,141
157478,538,141
157479,539,141
157480,540,141
157481,541,141
157482,542,141
157483,543,141
157484,544,141
157485,545,141
157486,546,141
157487,547,141
157488,548,141
157489,549,141
157490,550,141
157491,551,141
157492,552,141
157493,553,141
157494,554,141
157495,555,141
157496,556,141
157497,557,141
158601,540,142
158602,541,142
158603,542,142
158604,543,142
158605,544,142
158606,545,142
158607,546,142
158608,547,142
158609,548,142
158610,549,142
158611,550,142
158612,551,142
158613,552,142
158614,553,142
158615,554,142
158616,555,142
158617,556,142
158618,557,142
158619,558,142
158620,559,142
159697,515,143
159732,550,143
159733,551,143
159734,552,143
159735,553,143
159736,554,143
159737,555,143
159738,556,143
159739,557,143
159740,558,143
159741,559,143
159742,560,143
159743,561,143
160818,515,144
160863,560,144
160864,561,144
160865,562,144
190031,582,170
191152,582,171
192273,582,172
193394,582,173
